{"cameraMode":{"drawMode":0,"name":"Shaded","section":"Shading Mode"},"sceneLighting":false,"audioPlay":false,"sceneViewState":{"m_AlwaysRefresh":false,"showFog":true,"showSkybox":false,"showFlares":true,"showImageEffects":true,"showParticleSystems":true,"showVisualEffectGraphs":true,"m_FxEnabled":true},"in2DMode":false,"pivot":{"x":2.023167371749878,"y":3.0185084342956545,"z":-0.6992558836936951},"rotation":{"x":0.20198102295398713,"y":0.21398060023784638,"z":-0.04527297988533974,"w":0.9546555876731873},"size":4.608823776245117,"orthographic":true}