{"cameraMode":{"drawMode":0,"name":"Shaded","section":"Shading Mode"},"sceneLighting":false,"audioPlay":false,"sceneViewState":{"m_AlwaysRefresh":false,"showFog":true,"showSkybox":false,"showFlares":true,"showImageEffects":true,"showParticleSystems":true,"showVisualEffectGraphs":true,"m_FxEnabled":true},"in2DMode":false,"pivot":{"x":0.7256768941879273,"y":1.3456438779830933,"z":-0.2898904085159302},"rotation":{"x":0.12670007348060609,"y":0.17168498039245606,"z":-0.02227102778851986,"w":0.9767169952392578},"size":3.173480749130249,"orthographic":true}