{"cameraMode":{"drawMode":0,"name":"Shaded","section":"Shading Mode"},"sceneLighting":false,"audioPlay":false,"sceneViewState":{"m_AlwaysRefresh":false,"showFog":true,"showSkybox":false,"showFlares":true,"showImageEffects":true,"showParticleSystems":true,"showVisualEffectGraphs":true,"m_FxEnabled":true},"in2DMode":false,"pivot":{"x":0.5840821862220764,"y":0.40709173679351809,"z":0.013107776641845703},"rotation":{"x":0.17243938148021699,"y":0.15444029867649079,"z":-0.027386058121919633,"w":0.9724522829055786},"size":1.5792032480239869,"orthographic":true}