{"cameraMode":{"drawMode":0,"name":"Shaded","section":"Shading Mode"},"sceneLighting":false,"audioPlay":false,"sceneViewState":{"m_AlwaysRefresh":false,"showFog":true,"showSkybox":false,"showFlares":true,"showImageEffects":true,"showParticleSystems":true,"showVisualEffectGraphs":true,"m_FxEnabled":true},"in2DMode":false,"pivot":{"x":3.0199999809265138,"y":0.0606413260102272,"z":4.079999923706055},"rotation":{"x":-0.21396955847740174,"y":0.7024007439613342,"z":-0.23613296449184419,"w":-0.6364748477935791},"size":0.36406585574150088,"orthographic":false}