{"cameraMode":{"drawMode":0,"name":"Shaded","section":"Shading Mode"},"sceneLighting":false,"audioPlay":false,"sceneViewState":{"m_AlwaysRefresh":false,"showFog":true,"showSkybox":false,"showFlares":true,"showImageEffects":true,"showParticleSystems":true,"showVisualEffectGraphs":true,"m_FxEnabled":true},"in2DMode":false,"pivot":{"x":0.7234706878662109,"y":0.8929438591003418,"z":-0.44286468625068667},"rotation":{"x":0.34508123993873598,"y":-0.4041488468647003,"z":0.16797198355197907,"w":0.83028244972229},"size":0.04112367704510689,"orthographic":false}